Unnamed: 0,orig_id,img_id,is_defect,defect_type,Xie,GPT4,GPT4_basic,CogVLM,LLaVA,gpt4o
0,63567,00617545.png,1,RB,0.8189828,1.0,1.0,1.0,1.0,RB
1,65259,00635967.png,0,NoDefect,0.97395587,1.0,1.0,1.0,0.0,OB
2,258,00002720.png,0,NoDefect,0.00080595043,0.0,0.0,0.0,0.0,NoDefect
3,50605,00497284.png,0,NoDefect,0.13134837,0.0,0.0,1.0,0.0,NoDefect
4,22628,00231002.png,1,RB,0.887294,1.0,1.0,1.0,1.0,RB
5,47672,00468553.png,1,PF,0.6397782,1.0,0.0,1.0,0.0,OB
6,96077,00953221.png,0,NoDefect,0.5476616,1.0,1.0,1.0,0.0,NoDefect
7,23878,00242381.png,0,NoDefect,0.009992359,0.0,0.0,0.0,0.0,NoDefect
8,29623,00292340.png,1,PF,0.75224864,0.0,0.0,1.0,0.0,NoDefect
9,17843,00184032.png,1,OB,0.9688149,0.0,0.0,0.0,0.0,NoDefect
10,55177,00544551.png,0,NoDefect,0.005264771,0.0,0.0,0.0,0.0,OB
11,106043,01051658.png,1,DE,0.02059983,0.0,0.0,0.0,0.0,NoDefect
12,84952,00841517.png,1,PF,0.93938494,0.0,0.0,1.0,0.0,OB
13,31322,00306871.png,1,RO,0.9967514,1.0,1.0,0.0,1.0,RO
14,106725,01057513.png,1,DE,0.95565504,0.0,0.0,0.0,1.0,NoDefect
15,86291,00852617.png,0,NoDefect,0.94860005,0.0,0.0,0.0,0.0,NoDefect
16,92208,00908736.png,0,NoDefect,0.46327272,0.0,0.0,0.0,0.0,NoDefect
17,29046,00287653.png,0,NoDefect,0.000642107,0.0,0.0,1.0,0.0,NoDefect
18,97344,00967874.png,0,NoDefect,3.0860137e-06,0.0,0.0,0.0,1.0,RB
19,53112,00519810.png,0,NoDefect,0.006761468,1.0,0.0,0.0,0.0,DE
20,91243,00902655.png,0,NoDefect,0.047333386,0.0,0.0,1.0,1.0,NoDefect
21,24940,00248494.png,0,NoDefect,0.00058073015,0.0,0.0,0.0,0.0,NoDefect
22,31319,00306868.png,1,RO,0.9850462,1.0,1.0,,1.0,RO
23,31030,00305000.png,1,RB,0.9835216,1.0,1.0,0.0,0.0,"RB, RO"
24,41241,00406657.png,1,PF,0.26710266,0.0,0.0,0.0,1.0,NoDefect
25,102929,01021927.png,1,RO,0.99436957,1.0,1.0,1.0,0.0,"RB, RO"
26,58493,00572939.png,1,OB,0.43356693,0.0,0.0,0.0,1.0,NoDefect
27,73120,00710330.png,0,NoDefect,0.002614271,0.0,0.0,,0.0,NoDefect
28,31893,00311380.png,0,NoDefect,0.5867841,0.0,0.0,0.0,0.0,NoDefect
29,96640,00959013.png,0,NoDefect,0.75959873,0.0,0.0,0.0,1.0,NoDefect
30,34500,00341760.png,1,RO,0.97111154,1.0,1.0,1.0,0.0,RO
31,123973,01233591.png,0,NoDefect,0.06888066,0.0,0.0,0.0,0.0,NoDefect
32,107891,01069656.png,0,NoDefect,0.036386065,0.0,0.0,1.0,0.0,NoDefect
33,105990,01051282.png,1,RO,0.9129003,1.0,1.0,0.0,0.0,NoDefect
34,42107,00414188.png,1,RB,0.9819043,1.0,1.0,1.0,1.0,OB
35,67541,00656179.png,0,NoDefect,0.005607082,0.0,0.0,0.0,0.0,NoDefect
36,123752,01230189.png,0,NoDefect,0.0019815897,0.0,1.0,,0.0,NoDefect
37,111566,01103697.png,0,NoDefect,0.014343177,0.0,0.0,0.0,0.0,NoDefect
38,5295,00055654.png,0,NoDefect,0.32738465,0.0,1.0,0.0,0.0,NoDefect
39,22118,00224834.png,1,RB,0.3521415,1.0,1.0,0.0,1.0,RB
40,96180,00953931.png,1,DE,0.063932024,0.0,0.0,0.0,1.0,NoDefect
41,39792,00392052.png,0,NoDefect,0.0012724972,0.0,0.0,0.0,0.0,NoDefect
42,80636,00795710.png,1,OB,0.955235,1.0,0.0,0.0,0.0,NoDefect
43,116879,01154770.png,0,NoDefect,6.7002253e-07,1.0,1.0,0.0,0.0,NoDefect
44,30431,00299021.png,1,OB,0.962697,0.0,1.0,,0.0,RO
45,93437,00919648.png,1,RO,0.11928003,,1.0,1.0,0.0,NoDefect
46,103198,01024200.png,0,NoDefect,0.0014704941,0.0,0.0,1.0,0.0,RO
47,83050,00822900.png,0,NoDefect,2.1737121e-06,1.0,0.0,0.0,0.0,NoDefect
48,114026,01127769.png,0,NoDefect,0.02017115,1.0,1.0,0.0,1.0,NoDefect
49,102082,01016394.png,0,NoDefect,0.002471694,0.0,0.0,0.0,0.0,NoDefect
50,115869,01143948.png,1,DE,0.03987099,0.0,0.0,0.0,0.0,NoDefect
51,114339,01129787.png,0,NoDefect,0.018577041,1.0,0.0,0.0,1.0,DE
52,41819,00412362.png,0,NoDefect,0.01325812,0.0,0.0,,0.0,NoDefect
53,116757,01153621.png,0,NoDefect,0.0054067993,0.0,0.0,0.0,1.0,NoDefect
54,124392,01238319.png,0,NoDefect,0.0005338361,0.0,0.0,,0.0,NoDefect
55,102561,01019697.png,1,DE,0.7982139,0.0,0.0,1.0,0.0,NoDefect
56,56516,00553974.png,1,PF,0.8730573,0.0,1.0,1.0,0.0,NoDefect
57,119312,01182752.png,1,OB,0.9940169,0.0,0.0,0.0,0.0,NoDefect
58,78194,00763700.png,1,DE,0.009481606,0.0,0.0,0.0,0.0,NoDefect
59,48131,00472380.png,1,RB,0.99955744,0.0,0.0,1.0,1.0,RO
60,22984,00235099.png,1,RB,0.9483692,1.0,0.0,1.0,0.0,RB
61,35225,00347287.png,1,RB,0.99262047,1.0,0.0,0.0,0.0,NoDefect
62,85808,00848872.png,1,PF,0.7197824,0.0,0.0,0.0,0.0,NoDefect
63,6690,00069800.png,1,OB,0.9618566,0.0,0.0,0.0,0.0,NoDefect
64,21803,00222387.png,0,NoDefect,0.009795053,0.0,0.0,0.0,1.0,NoDefect
65,101426,01009692.png,0,NoDefect,0.5967198,1.0,1.0,0.0,1.0,OB
66,36712,00360434.png,0,NoDefect,0.19242236,0.0,0.0,0.0,0.0,NoDefect
67,63493,00617232.png,0,NoDefect,0.010846883,0.0,0.0,0.0,1.0,NoDefect
68,40838,00402904.png,1,OB,0.7333447,0.0,0.0,0.0,1.0,NoDefect
69,103551,01028450.png,1,DE,0.3446678,,1.0,,0.0,NoDefect
70,87146,00860498.png,0,NoDefect,0.00090618484,0.0,0.0,0.0,0.0,NoDefect
71,95065,00938594.png,0,NoDefect,0.0007048411,0.0,0.0,0.0,0.0,NoDefect
72,26314,00260898.png,0,NoDefect,0.0028951918,0.0,1.0,0.0,0.0,NoDefect
73,46423,00457210.png,0,NoDefect,9.1096146e-05,1.0,0.0,1.0,0.0,RB
74,43079,00425339.png,1,PF,0.19587679,0.0,0.0,0.0,0.0,NoDefect
75,48863,00481322.png,0,NoDefect,0.04099944,0.0,0.0,0.0,0.0,NoDefect
76,84286,00836585.png,1,DE,0.7044778,1.0,1.0,1.0,0.0,NoDefect
77,81120,00803164.png,0,NoDefect,0.5102207,0.0,0.0,0.0,0.0,NoDefect
78,96658,00959031.png,0,NoDefect,0.23366739,0.0,1.0,0.0,1.0,NoDefect
79,84322,00836815.png,1,PF,0.7300977,0.0,1.0,0.0,0.0,NoDefect
80,113153,01121214.png,1,RO,0.4714188,1.0,0.0,0.0,0.0,RO
81,31518,00307807.png,1,OB,0.90970486,0.0,1.0,,0.0,NoDefect
82,13140,00134089.png,0,NoDefect,0.7119428,1.0,0.0,0.0,1.0,NoDefect
83,128282,01279553.png,1,OB,0.45061383,0.0,0.0,0.0,0.0,NoDefect
84,20781,00213396.png,0,NoDefect,0.027276004,0.0,0.0,0.0,0.0,NoDefect
85,23865,00242368.png,1,RB,0.83667517,0.0,1.0,1.0,0.0,OB
86,82266,00814913.png,0,NoDefect,0.062328957,1.0,1.0,0.0,0.0,RO
87,117291,01157853.png,1,RB,0.89029586,1.0,1.0,1.0,0.0,RO
88,77578,00758263.png,1,DE,0.9236541,0.0,0.0,0.0,0.0,NoDefect
89,112621,01116344.png,1,OB,0.9972167,0.0,1.0,1.0,0.0,NoDefect
90,99574,00990063.png,1,PF,0.05875771,0.0,0.0,0.0,0.0,NoDefect
91,43132,00426911.png,0,NoDefect,0.50769955,1.0,1.0,0.0,0.0,NoDefect
92,17177,00177468.png,1,DE,0.012273975,0.0,0.0,0.0,0.0,NoDefect
93,91604,00904376.png,1,RO,0.93048096,1.0,1.0,,1.0,RO
94,57134,00561167.png,0,NoDefect,0.5061071,0.0,0.0,0.0,0.0,NoDefect
95,8365,00088775.png,0,NoDefect,0.002369519,0.0,0.0,0.0,0.0,OB
96,42191,00415061.png,1,RO,0.878135,1.0,1.0,,0.0,RO
97,16902,00175871.png,0,NoDefect,0.022692008,0.0,0.0,1.0,1.0,NoDefect
98,29622,00292339.png,1,PF,0.9500623,0.0,0.0,1.0,0.0,NoDefect
99,59526,00583802.png,1,RO,0.93243885,1.0,0.0,1.0,0.0,RO
100,52112,00511913.png,0,NoDefect,0.005885581,0.0,0.0,0.0,0.0,NoDefect
101,22903,00234428.png,1,RB,0.9567892,1.0,1.0,1.0,1.0,NoDefect
102,100976,01003241.png,1,RO,0.35225022,1.0,1.0,1.0,1.0,RO
103,48673,00478094.png,0,NoDefect,0.00012618607,1.0,0.0,0.0,1.0,NoDefect
104,120410,01195696.png,0,NoDefect,0.0015068839,0.0,0.0,0.0,0.0,NoDefect
105,121008,01203448.png,0,NoDefect,0.0016705419,0.0,1.0,1.0,0.0,NoDefect
106,83615,00828234.png,1,DE,0.95672405,0.0,0.0,1.0,0.0,NoDefect
107,109576,01084051.png,0,NoDefect,0.027086543,0.0,,0.0,0.0,NoDefect
108,104299,01032510.png,0,NoDefect,0.050733652,0.0,0.0,0.0,1.0,NoDefect
109,75710,00739180.png,0,NoDefect,4.963331e-06,0.0,1.0,0.0,0.0,NoDefect
110,27858,00276076.png,0,NoDefect,0.00020656855,0.0,0.0,0.0,0.0,NoDefect
111,16623,00173582.png,0,NoDefect,0.04416338,0.0,1.0,0.0,0.0,NoDefect
112,71152,00690716.png,0,NoDefect,0.22958113,0.0,0.0,0.0,0.0,NoDefect
113,113538,01124051.png,0,NoDefect,0.01679581,1.0,1.0,0.0,1.0,RB
114,41760,00412106.png,0,NoDefect,0.0006978811,0.0,0.0,0.0,0.0,NoDefect
115,32004,00312938.png,1,OB,0.9370622,0.0,0.0,0.0,0.0,NoDefect
116,46271,00456442.png,0,NoDefect,0.1163508,0.0,0.0,0.0,0.0,NoDefect
117,116755,01153619.png,0,NoDefect,0.006140746,,0.0,0.0,0.0,NoDefect
118,85517,00847063.png,0,NoDefect,0.0002534196,0.0,0.0,1.0,0.0,NoDefect
119,41218,00406425.png,1,RB,0.6143354,1.0,1.0,1.0,1.0,RB
120,12611,00128889.png,1,RO,0.95609367,1.0,1.0,1.0,1.0,RO
121,22636,00231010.png,0,NoDefect,0.7141193,0.0,0.0,0.0,0.0,NoDefect
122,77715,00759937.png,1,DE,0.995047,0.0,0.0,0.0,0.0,NoDefect
123,120081,01192271.png,0,NoDefect,0.029233068,1.0,1.0,,0.0,RO
124,37535,00368814.png,0,NoDefect,0.00047256608,0.0,0.0,0.0,0.0,NoDefect
125,108480,01075787.png,1,RO,0.9825037,1.0,1.0,0.0,1.0,RO
126,60707,00595037.png,1,OB,0.989075,1.0,1.0,1.0,0.0,NoDefect
127,53370,00521590.png,1,PF,0.04411913,1.0,0.0,0.0,0.0,NoDefect
128,56621,00555059.png,0,NoDefect,0.0060925013,0.0,1.0,0.0,0.0,OB
129,33041,00324277.png,0,NoDefect,0.00045914808,1.0,1.0,1.0,0.0,NoDefect
130,110557,01095696.png,1,RO,0.98810637,0.0,0.0,0.0,0.0,NoDefect
131,65793,00641759.png,1,OB,0.08953737,0.0,0.0,0.0,0.0,NoDefect
132,107096,01062947.png,1,RB,0.96995664,1.0,0.0,1.0,0.0,RB
133,11269,00117348.png,1,OB,0.55008054,1.0,1.0,0.0,0.0,OB
134,25282,00251253.png,0,NoDefect,0.024561688,0.0,0.0,0.0,0.0,NoDefect
135,90831,00899810.png,0,NoDefect,0.35557985,1.0,0.0,1.0,1.0,NoDefect
136,68383,00663241.png,1,DE,0.808035,1.0,0.0,0.0,0.0,NoDefect
137,86786,00856645.png,1,PF,0.5279185,1.0,1.0,1.0,0.0,OB
138,32788,00322633.png,0,NoDefect,0.00027846813,1.0,0.0,0.0,0.0,NoDefect
139,29625,00292342.png,1,DE,0.97753006,0.0,0.0,0.0,0.0,NoDefect
140,24397,00246069.png,0,NoDefect,0.0080835195,0.0,0.0,0.0,1.0,NoDefect
141,65991,00643468.png,1,OB,0.92672706,1.0,1.0,0.0,0.0,NoDefect
142,36153,00356629.png,1,RB,0.69605875,1.0,1.0,0.0,0.0,NoDefect
143,78680,00773678.png,1,PF,0.07164429,1.0,1.0,1.0,0.0,RB
144,72371,00701822.png,1,DE,0.96449697,1.0,0.0,0.0,0.0,NoDefect
145,34814,00342979.png,0,NoDefect,0.019280322,0.0,0.0,0.0,0.0,NoDefect
146,75403,00736295.png,1,OB,0.52035934,0.0,0.0,0.0,0.0,NoDefect
147,56811,00557617.png,1,DE,0.78693724,1.0,0.0,0.0,0.0,NoDefect
148,74039,00722113.png,1,DE,0.8372346,0.0,0.0,0.0,0.0,NoDefect
149,63420,00616737.png,1,RO,0.96533495,0.0,0.0,1.0,0.0,RO
150,82384,00817381.png,1,OB,0.9207518,1.0,1.0,0.0,0.0,NoDefect
151,57450,00563451.png,0,NoDefect,0.004852883,0.0,1.0,0.0,0.0,NoDefect
152,11724,00122097.png,1,OB,0.94847995,0.0,0.0,0.0,0.0,NoDefect
153,99476,00989281.png,1,PF,0.9550149,1.0,1.0,0.0,1.0,RB
154,108752,01077629.png,0,NoDefect,0.53468966,0.0,0.0,0.0,1.0,NoDefect
155,56618,00555056.png,1,PF,0.30818677,1.0,0.0,0.0,0.0,NoDefect
156,4453,00046169.png,0,NoDefect,0.016373148,0.0,0.0,0.0,0.0,NoDefect
157,126846,01266260.png,1,OB,0.9894939,0.0,1.0,0.0,0.0,NoDefect
158,58720,00575420.png,0,NoDefect,0.012378519,0.0,1.0,,1.0,NoDefect
159,91368,00903107.png,0,NoDefect,0.013199169,1.0,1.0,0.0,0.0,NoDefect
160,31689,00309864.png,0,NoDefect,0.005925949,0.0,0.0,0.0,0.0,NoDefect
161,112008,01108894.png,0,NoDefect,0.0003679153,1.0,1.0,1.0,0.0,RB
162,33710,00334169.png,0,NoDefect,0.03771543,0.0,0.0,0.0,0.0,NoDefect
163,21458,00220697.png,0,NoDefect,0.003255023,0.0,0.0,0.0,1.0,OB
164,120575,01196894.png,0,NoDefect,0.023138888,0.0,,0.0,0.0,NoDefect
165,126107,01259730.png,0,NoDefect,0.0016894088,0.0,1.0,0.0,0.0,NoDefect
166,11192,00116458.png,1,PF,0.62699306,0.0,1.0,0.0,0.0,NoDefect
167,106004,01051480.png,1,RB,0.9420144,1.0,1.0,1.0,1.0,RB
168,110970,01098148.png,1,DE,0.036902733,0.0,0.0,,0.0,NoDefect
169,66882,00650644.png,0,NoDefect,0.0009835267,0.0,0.0,0.0,0.0,NoDefect
170,7426,00076692.png,0,NoDefect,0.008480053,0.0,0.0,0.0,0.0,NoDefect
171,66879,00650641.png,0,NoDefect,0.00022945594,0.0,0.0,1.0,0.0,NoDefect
172,101600,01011133.png,0,NoDefect,0.0061176736,0.0,0.0,0.0,0.0,NoDefect
173,123205,01225283.png,1,PF,0.5178985,1.0,1.0,1.0,0.0,DE
174,78679,00773677.png,1,PF,0.099788405,1.0,0.0,0.0,0.0,DE
175,18478,00189308.png,1,RB,0.526052,1.0,1.0,1.0,0.0,RB
176,25300,00251271.png,0,NoDefect,0.11169944,1.0,0.0,1.0,0.0,NoDefect
177,59512,00583788.png,1,RO,0.87151736,1.0,1.0,1.0,0.0,RO
178,100437,00998155.png,0,NoDefect,7.6082375e-05,0.0,1.0,,1.0,NoDefect
179,6870,00071719.png,1,RB,0.288234,1.0,1.0,1.0,0.0,RB
180,91596,00904368.png,1,RO,0.78429234,1.0,1.0,1.0,1.0,RO
181,80596,00795294.png,0,NoDefect,0.003444084,0.0,0.0,0.0,0.0,NoDefect
182,21612,00221213.png,0,NoDefect,0.0063267727,0.0,0.0,0.0,0.0,NoDefect
183,30354,00298504.png,0,NoDefect,7.3935444e-05,1.0,0.0,,0.0,NoDefect
184,109681,01085889.png,1,OB,0.9721433,0.0,0.0,0.0,0.0,NoDefect
185,98206,00975300.png,0,NoDefect,0.033369023,0.0,0.0,0.0,0.0,NoDefect
186,116154,01145726.png,1,DE,0.23822802,0.0,1.0,0.0,1.0,NoDefect
187,25805,00255694.png,0,NoDefect,0.26931807,0.0,1.0,0.0,0.0,NoDefect
188,63201,00615828.png,1,RO,0.3090455,1.0,0.0,0.0,0.0,RO
189,117878,01164967.png,1,RO,0.6502951,0.0,0.0,0.0,0.0,RB
190,94285,00932585.png,0,NoDefect,0.40882617,1.0,1.0,1.0,1.0,NoDefect
191,20603,00210684.png,0,NoDefect,0.5195317,0.0,0.0,,1.0,NoDefect
192,59253,00582609.png,0,NoDefect,0.036381103,0.0,0.0,0.0,0.0,NoDefect
193,22194,00225888.png,1,RB,0.9229533,1.0,1.0,1.0,1.0,RB
194,118335,01174815.png,1,PF,0.9321142,1.0,1.0,0.0,0.0,RB
195,108523,01076125.png,1,RO,0.99234515,1.0,1.0,0.0,1.0,RO
196,18580,00190227.png,1,RB,0.7676206,1.0,1.0,1.0,1.0,RB
197,100823,01001126.png,1,RB,0.989933,1.0,0.0,0.0,0.0,RB
198,84171,00835200.png,1,DE,0.94192535,1.0,1.0,0.0,1.0,NoDefect
199,51520,00507208.png,1,PF,0.06107173,0.0,0.0,0.0,0.0,NoDefect
